Timestamp,Q0,Q1,Q2,Q3,Q4,Q5-FS,Q5-HS,Q5-IS,Q5-DNA,Q5-SV,Q5-VD,Q6,Q7,Q8-FD,Q8-FS,Q8-HS,Q8-IS,Q8-DNA,Q8-SV,Q8-VD,Q9,Q10-HF,Q10-VS,Q10-VDS,Q10-AF,Q10-O,Q11-FD,Q11-FS,Q11-HS,Q11-IS,Q11-DNA,Q11-SV,Q11-VD,Q12,Q13-UF,Q13-SS,Q13-P,Q13-E,Q14,Q15,Q16,Q17
2019/11/03 10:57:23 PM GMT+6,Yes,3,Agree,Agree,Strongly Disagree,Medium,Low,Very High,Very High,High,High,Recovery Email or Message,2,Medium,High,Low,Very High,Very High,High,Medium,Ensure me the highest security,Sometimes,Rarely,Often,Often,Never,Medium,Medium,Medium,Very High,Very High,High,High,Strongly Agree,Often,Always,Always,Sometimes,4,Neutral,1,Agree
2019/11/03 10:57:47 PM GMT+6,Yes,5,Agree,Agree,Disagree,High,Low,High,High,Medium,Medium,Multi-Biometric Authentication,4,Medium,High,Low,Low,Medium,Medium,Medium,Easy to use,Sometimes,Rarely,Rarely,Rarely,,Medium,High,Low,Medium,High,Medium,Medium,Agree,Sometimes,Sometimes,Rarely,Sometimes,1,Neutral,5,Agree
2019/11/03 10:59:13 PM GMT+6,Yes,5,Agree,Agree,Agree,Low,Low,High,Very High,Very High,Medium,Multi-Biometric Authentication;Password or Pin,1,High,Low,Low,Low,Very High,Very High,Very High,Ensure me the highest security,,Often,Sometimes,Sometimes,,High,Low,,High,High,High,Medium,Agree,,Always,Often,Sometimes,4,Disagree,3,Strongly Agree
2019/11/03 11:01:20 PM GMT+6,Yes,4,Strongly Agree,Disagree,Strongly Disagree,High,Medium,High,Very High,Low,Low,Recovery Email or Message,4,Medium,High,High,High,Very High,Medium,Low,Easy to use,Rarely,Sometimes,Sometimes,Rarely,,High,Very High,Medium,High,Very High,Low,Low,Strongly Agree,Often,Always,Often,Often,2,Strongly Disagree,2,Strongly Agree
2019/11/03 11:02:18 PM GMT+6,Yes,4,Agree,Strongly Agree,Disagree,Low,Low,High,Very High,High,Medium,Multi-Biometric Authentication,4,Very High,Very High,Very High,High,High,High,High,Easy to use,Rarely,Often,Often,Often,Rarely,Low,Low,Low,High,Very High,High,High,Agree,Always,Always,Often,Often,2,Agree,1,Agree
2019/11/03 11:07:00 PM GMT+6,Yes,3,Agree,Agree,Neutral,Very High,Medium,Very High,Very High,Low,Medium,Multi-Biometric Authentication;Password or Pin;Recovery Email or Message,4,High,Medium,Medium,Very High,Very High,Low,Low,Ensure me the highest security,Often,Sometimes,Sometimes,Sometimes,Sometimes,Low,Medium,Medium,Very High,Very High,Low,Medium,Strongly Agree,Always,Always,Sometimes,Always,4,Neutral,4,Neutral
2019/11/03 11:10:02 PM GMT+6,Yes,3,Strongly Disagree,Neutral,Agree,Very High,High,Very High,High,Very High,High,Recovery Email or Message,3,Very High,High,Very High,High,Very High,High,,Easy to use,Sometimes,Rarely,Sometimes,Rarely,Sometimes,Very High,High,Very High,High,Very High,High,Very High,Neutral,Always,Often,Always,Often,3,Agree,3,Neutral
2019/11/03 11:12:23 PM GMT+6,Yes,1,Agree,Strongly Agree,Agree,Low,Medium,Medium,Low,Low,Low,Recovery Email or Message,2,Medium,Low,Medium,Medium,Medium,Medium,Medium,Easy to use,Sometimes,Often,Often,Sometimes,Always,Medium,High,High,High,Medium,,,Agree,,Rarely,,,1,Agree,1,Agree
2019/11/03 11:12:32 PM GMT+6,Yes,3,Neutral,Neutral,Neutral,Medium,Very Low,Very Low,Medium,Low,Low,Password or Pin,3,Medium,Low,Medium,Low,Medium,Low,Medium,Timesaver,Sometimes,Sometimes,Sometimes,Sometimes,Sometimes,Medium,Medium,Medium,Medium,Medium,Medium,Medium,Neutral,Sometimes,Sometimes,Sometimes,Sometimes,3,Neutral,3,Neutral
2019/11/03 11:13:41 PM GMT+6,Yes,3,Neutral,Neutral,Neutral,Medium,Medium,Medium,Medium,Medium,Medium,Password or Pin,3,,Medium,Medium,Medium,Medium,Medium,Medium,Timesaver,,,,Never,,Medium,Medium,Medium,Medium,Medium,Medium,Medium,Strongly Disagree,Sometimes,Sometimes,Sometimes,Sometimes,3,Neutral,3,Neutral
2019/11/03 11:13:58 PM GMT+6,Yes,3,Strongly Agree,Disagree,Neutral,Low,Low,High,Very High,Low,Medium,Multi-Biometric Authentication;Recovery Email or Message,2,Low,Low,Low,High,Very High,Low,High,Ensure me the highest security,Sometimes,Always,Always,Sometimes,Rarely,Low,High,Low,Very High,Very High,Low,Very High,Strongly Agree,Sometimes,Always,Never,Always,5,Agree,2,Neutral
2019/11/03 11:14:53 PM GMT+6,Yes,5,Agree,Agree,Disagree,Medium,Medium,High,Very High,Medium,High,Password or Pin,3,Medium,Medium,Medium,High,Very High,Low,Medium,Ensure me the highest security,Often,Sometimes,Sometimes,Never,Never,Medium,Medium,Medium,High,Very High,Low,Medium,Agree,Often,Sometimes,Often,Often,2,Neutral,2,Agree
2019/11/03 11:15:09 PM GMT+6,Yes,2,Strongly Agree,Agree,Disagree,Low,Low,Medium,Medium,Low,Very Low,Multi-Biometric Authentication;Recovery Email or Message,5,Medium,Very Low,Very Low,Medium,Medium,Low,Medium,Easy to use,Sometimes,Sometimes,Rarely,Never,Rarely,Medium,Low,Very Low,Medium,Medium,Low,Low,Agree,Rarely,Never,Rarely,Rarely,3,Agree,2,Disagree
2019/11/03 11:17:23 PM GMT+6,Yes,4,Agree,Agree,Neutral,Very Low,Low,High,High,Low,Very Low,Iris Scan,5,Medium,Low,Low,Very High,Very High,Medium,Medium,Ensure me the highest security,Sometimes,Often,Always,Always,Often,Low,Low,Medium,Very High,Very High,Medium,Medium,Strongly Agree,Always,Sometimes,Sometimes,Sometimes,2,Agree,3,Strongly Disagree
2019/11/03 11:17:35 PM GMT+6,Yes,1,Agree,Neutral,Neutral,,,,Medium,,,Recovery Email or Message,2,Medium,,,,,,,Easy to use,,,,,Sometimes,,,,,Medium,,,Neutral,,,Sometimes,,2,Neutral,2,Neutral
2019/11/03 11:17:49 PM GMT+6,Yes,3,Agree,Neutral,Disagree,Very High,Very High,Medium,High,Low,Low,Multi-Biometric Authentication;Password or Pin;Recovery Email or Message,5,,Very High,Very High,,Very High,,,Ensure me the highest security,Sometimes,Sometimes,Sometimes,Often,Rarely,,Very High,Very High,,Very High,,,Strongly Agree,Always,Always,Always,,1,Neutral,2,Strongly Agree
2019/11/03 11:19:05 PM GMT+6,Yes,3,Agree,Agree,Disagree,High,High,Very High,Very High,Medium,Low,Password or Pin;Recovery Email or Message,4,High,Medium,Medium,Very High,Very High,Medium,Low,Preferable for small budget,Often,Sometimes,Sometimes,Often,Rarely,Very High,High,Medium,Very High,Very High,Medium,Low,Agree,Often,Often,Sometimes,Sometimes,2,Neutral,3,Agree
2019/11/03 11:20:41 PM GMT+6,Yes,1,Neutral,Agree,Neutral,Medium,Medium,Medium,Medium,Medium,Medium,Multi-Biometric Authentication;Password or Pin;Recovery Email or Message,3,Medium,Medium,Medium,Medium,Medium,Medium,Medium,Easy to use,Sometimes,Rarely,Rarely,Rarely,Rarely,Medium,Medium,Medium,Medium,Medium,Medium,Medium,Agree,Always,Always,Always,Always,1,Neutral,2,Neutral
2019/11/03 11:22:08 PM GMT+6,Yes,4,Neutral,Neutral,Neutral,Medium,Low,Low,Medium,Very Low,Low,Multi-Biometric Authentication;Password or Pin;Recovery Email or Message,3,Medium,Medium,Low,Low,Medium,Very Low,Very Low,Ensure me the highest security,Rarely,Sometimes,Sometimes,Sometimes,Rarely,Medium,Medium,Low,Low,Medium,Very Low,Very Low,Agree,Sometimes,Sometimes,Sometimes,Sometimes,3,Neutral,4,Agree
2019/11/03 11:22:35 PM GMT+6,Yes,2,Neutral,Neutral,Agree,Medium,Medium,High,High,Low,Low,Password or Pin,3,Medium,Medium,Medium,High,High,Very Low,Low,Ensure me the highest security,Rarely,Rarely,Rarely,Rarely,Rarely,Medium,Medium,Medium,High,High,Very Low,Very Low,Neutral,Rarely,Rarely,Rarely,Rarely,3,Neutral,3,Neutral
2019/11/03 11:24:31 PM GMT+6,Yes,5,Strongly Agree,Agree,Disagree,High,Medium,Very High,Very High,Very Low,Low,Multi-Biometric Authentication;Password or Pin;Recovery Email or Message,4,Very High,Very High,Very Low,Very High,Very Low,Very Low,Very Low,"easy to use, preferable for small budget, no need to remember or put pin/password all the time and obviously time saver",Often,Rarely,Sometimes,Rarely,Never,Very High,Very High,Very Low,Very High,Very Low,Very Low,Very Low,Disagree,,Always,,,1,Neutral,3,Strongly Disagree
2019/11/03 11:26:17 PM GMT+6,Yes,4,Agree,Agree,Agree,Medium,Low,Medium,Low,Medium,Medium,Password or Pin,4,Low,Medium,Low,Low,Low,Low,Medium,Ensure me the highest security,Rarely,Sometimes,Sometimes,Sometimes,Often,Medium,Medium,Low,Low,Low,Low,Medium,Agree,Always,Often,Sometimes,Sometimes,3,Agree,5,Strongly Agree
2019/11/03 11:26:34 PM GMT+6,Yes,2,Disagree,Neutral,Agree,Low,Medium,Medium,Medium,Very Low,Low,Password or Pin;Recovery Email or Message,2,Low,Medium,Low,Medium,Very Low,Very Low,Low,Easy to use,Never,Never,Never,Never,Never,Medium,Low,,Very High,High,Low,Medium,Agree,Often,Always,Sometimes,Sometimes,2,Neutral,1,Agree
2019/11/03 11:28:41 PM GMT+6,Yes,4,Agree,Neutral,Neutral,Medium,Medium,Very High,High,Medium,Low,Password or Pin,4,Medium,High,High,Very High,High,Medium,Low,Timesaver,,,,Often,,Medium,High,High,Very High,High,Medium,Very Low,Agree,Rarely,Sometimes,,Sometimes,1,Neutral,3,Disagree
2019/11/03 11:29:27 PM GMT+6,Yes,3,Disagree,Disagree,Neutral,Medium,Low,High,High,Very Low,Very Low,Multi-Biometric Authentication,3,Medium,Low,Low,High,High,Low,Low,Easy to use,Rarely,Sometimes,Rarely,Rarely,Never,Low,Low,Medium,Medium,High,Low,Low,Strongly Disagree,Rarely,Rarely,,Sometimes,3,Agree,3,Disagree
2019/11/03 11:29:29 PM GMT+6,Yes,4,Neutral,Strongly Disagree,Strongly Disagree,High,High,Very High,Very High,Low,Medium,Recovery Email or Message,4,High,Very High,Very High,High,High,Low,Medium,Easy to use,Rarely,Rarely,Sometimes,Often,Sometimes,Very High,Very High,Very High,High,High,Medium,High,Neutral,Always,Always,Always,Always,1,Neutral,3,Agree
2019/11/03 11:29:55 PM GMT+6,Yes,3,Neutral,Agree,Agree,High,High,Very High,High,Low,Medium,Multi-Biometric Authentication,3,Medium,High,High,Very High,High,Low,Medium,Preferable for small budget,Sometimes,Sometimes,Often,Sometimes,Often,High,High,High,Very High,High,Low,Low,Neutral,Sometimes,Sometimes,Often,Sometimes,2,Agree,3,Neutral
2019/11/03 11:30:20 PM GMT+6,Yes,1,Strongly Disagree,Strongly Disagree,Strongly Disagree,Very Low,,,,,,Multi-Biometric Authentication,1,Low,,,,,,,Easy to use,Never,Sometimes,Sometimes,Sometimes,Sometimes,Medium,High,Medium,High,High,High,High,Neutral,Never,,,,2,Neutral,1,Strongly Disagree
2019/11/03 11:30:53 PM GMT+6,Yes,4,Neutral,Neutral,Neutral,Medium,Low,Low,Medium,Very Low,Very Low,Multi-Biometric Authentication,3,Medium,Medium,Medium,Medium,Medium,Very Low,Very Low,Ensure me the highest security,Sometimes,Sometimes,Sometimes,Sometimes,Sometimes,Medium,Medium,Medium,Medium,Low,Very Low,Very Low,Agree,Sometimes,Sometimes,Sometimes,Sometimes,3,Agree,3,Agree
2019/11/03 11:31:01 PM GMT+6,Yes,5,Agree,Strongly Agree,Disagree,High,Very High,Medium,Very High,Very High,Very Low,Password or Pin;Recovery Email or Message,4,Low,High,Very High,Low,Very High,Very High,Very Low,Ensure me the highest security,Sometimes,Sometimes,Often,Sometimes,,Very Low,High,High,Low,Very High,Very High,Very Low,Neutral,Always,Always,Sometimes,Sometimes,1,Agree,5,Agree
2019/11/03 11:31:54 PM GMT+6,Yes,2,Disagree,Strongly Disagree,Agree,Medium,Very Low,Medium,Low,Low,Low,Multi-Biometric Authentication;Password or Pin,4,Low,Low,Medium,Low,Low,Low,Very Low,Timesaver,Sometimes,Rarely,Sometimes,Never,,Medium,Medium,High,Very High,High,High,High,Neutral,Sometimes,Sometimes,Rarely,Rarely,4,Neutral,4,Neutral
2019/11/03 11:32:07 PM GMT+6,Yes,4,Agree,Neutral,Neutral,Very High,Very High,Very High,Very High,Low,High,Password or Pin,3,Medium,Very High,High,Very High,Very High,Very Low,Medium,Ensure me the highest security,Sometimes,Never,Never,Rarely,Never,Medium,Very High,High,Very High,Very High,Very Low,Medium,Agree,Always,Always,Rarely,Sometimes,1,Disagree,1,Strongly Agree
2019/11/03 11:33:40 PM GMT+6,Yes,5,Neutral,Agree,Disagree,High,High,High,Very High,Medium,Medium,Recovery Email or Message,3,Medium,High,Medium,High,High,Medium,Medium,Ensure me the highest security,Sometimes,Rarely,Always,Never,Never,High,High,High,High,Low,Medium,Medium,Agree,Always,Always,Sometimes,Always,1,Disagree,2,Agree
2019/11/03 11:34:14 PM GMT+6,Yes,5,Agree,Agree,Agree,High,Low,Low,High,Medium,Medium,Recovery Email or Message,5,Very Low,High,Low,Low,High,Medium,Medium,Preferable for small budget,Often,Sometimes,Sometimes,Often,Sometimes,Very Low,High,Medium,Medium,High,Medium,Medium,Neutral,Often,Often,Often,Sometimes,5,Neutral,5,Agree
2019/11/03 11:34:33 PM GMT+6,Yes,5,Disagree,Strongly Agree,Disagree,Medium,Medium,High,High,Low,Medium,Password or Pin;Recovery Email or Message,3,Medium,Medium,High,High,High,Medium,Medium,Ensure me the highest security,Sometimes,Rarely,Sometimes,Often,Never,Medium,Medium,High,High,High,Medium,Medium,Agree,Often,Always,Always,Often,1,Neutral,3,Neutral
2019/11/03 11:35:48 PM GMT+6,Yes,1,Disagree,Agree,Agree,Medium,Low,Medium,Low,Low,Low,Multi-Biometric Authentication,1,Medium,Low,Low,Medium,Low,Very Low,Medium,Easy to use,Never,Sometimes,Rarely,Rarely,,Medium,Low,Low,Medium,Medium,Medium,Medium,Strongly Disagree,Never,Never,Never,Never,2,Agree,1,Agree
2019/11/03 11:36:37 PM GMT+6,Yes,4,Neutral,Strongly Agree,Neutral,Very High,Very High,Very High,Low,Low,Low,Multi-Biometric Authentication,4,Very High,Very High,Very High,Very High,High,High,High,Easy to use,Always,Always,Always,Always,Sometimes,Very High,Very High,Very High,Very High,High,High,High,Neutral,Always,Always,Always,Always,3,Strongly Disagree,4,Strongly Disagree
2019/11/03 11:37:27 PM GMT+6,Yes,4,Disagree,Neutral,Agree,High,High,High,High,Low,Medium,Password or Pin,3,Medium,High,Low,Medium,High,Medium,Very Low,Ensure me the highest security,Often,Sometimes,Sometimes,Sometimes,Rarely,Medium,High,Medium,High,High,Low,Medium,Neutral,Sometimes,Often,Rarely,Often,2,Agree,3,Agree
2019/11/03 11:38:19 PM GMT+6,Yes,5,Strongly Agree,Neutral,Agree,Low,Medium,Medium,Medium,Low,Very Low,Multi-Biometric Authentication,2,Very Low,Low,Medium,Medium,Medium,Low,Very Low,Timesaver,Never,Never,Never,Rarely,Rarely,Very Low,Medium,Medium,Medium,Medium,Low,Very Low,Disagree,Rarely,Rarely,Rarely,Never,3,Neutral,5,Agree
2019/11/03 11:38:35 PM GMT+6,Yes,5,Agree,Neutral,Neutral,Medium,Medium,High,Very High,Low,Low,Recovery Email or Message,4,Medium,Medium,Medium,High,High,Low,Low,Ensure me the highest security,Sometimes,Sometimes,Often,Sometimes,Rarely,High,Medium,Medium,High,High,Low,Low,Neutral,Often,Always,Often,Often,3,Neutral,4,Agree
2019/11/03 11:39:50 PM GMT+6,Yes,4,Neutral,Agree,Disagree,Medium,Low,High,Very High,Medium,Low,Password or Pin,4,Very Low,Medium,Very Low,High,High,Medium,Low,Ensure me the highest security,Sometimes,Rarely,Often,Sometimes,Sometimes,Low,Medium,Low,High,High,Low,Medium,Agree,Often,Always,Often,Always,2,Neutral,3,Agree
2019/11/03 11:41:04 PM GMT+6,Yes,2,Agree,Agree,Agree,Low,Low,Low,Medium,Low,Low,Recovery Email or Message,1,Low,Medium,High,Very High,High,Very High,High,Preferable for small budget,Sometimes,Sometimes,Sometimes,Sometimes,Sometimes,Low,Medium,Medium,Low,Low,Medium,Low,Agree,Often,Often,Often,Often,3,Agree,4,Agree
2019/11/03 11:41:35 PM GMT+6,No,,,,,,,,,,,,,,,,,,,,,,,,,,,,,,,,,,,,,,,,,
2019/11/03 11:42:05 PM GMT+6,Yes,5,,,,Low,,,,,,Multi-Biometric Authentication,2,,Medium,,,,,,No need to remember password/pin,,,,,,,Medium,,,,,,,,Rarely,,,1,,3,
2019/11/03 11:42:16 PM GMT+6,Yes,4,Agree,Disagree,Disagree,Low,Medium,High,Very High,Medium,Medium,Multi-Biometric Authentication,4,Medium,Medium,Medium,Medium,Medium,Medium,Medium,Ensure me the highest security,Sometimes,Often,Often,Often,Often,Medium,Medium,Medium,Medium,Medium,Medium,Medium,Agree,Always,Always,Sometimes,Always,1,Neutral,2,Agree
2019/11/03 11:42:36 PM GMT+6,Yes,2,Agree,Neutral,Agree,,,,Medium,,,Recovery Email or Message,3,,,Medium,Medium,Medium,Medium,,Preferable for small budget,Sometimes,Sometimes,,,,Medium,,,,,,,Neutral,,,Sometimes,,1,Neutral,4,Neutral
2019/11/03 11:43:28 PM GMT+6,Yes,5,Strongly Agree,Strongly Agree,Strongly Agree,Very Low,Very Low,Very Low,Very Low,Very Low,Very Low,Password or Pin,1,Very Low,Very Low,Very Low,Very Low,Very Low,Very Low,Very Low,pori nai kisu,Never,Never,Never,Never,Never,Very Low,Very Low,Very Low,Very Low,Very Low,Very Low,Very Low,Neutral,Never,Never,Never,Never,1,Agree,5,Strongly Agree
2019/11/03 11:43:40 PM GMT+6,Yes,5,Strongly Agree,Disagree,Strongly Disagree,High,Medium,Very High,Very High,Low,Low,Password or Pin,5,Very Low,Very High,Very Low,Very Low,Very Low,Very Low,Very Low,Easy to use,Rarely,Often,Often,Sometimes,,Very Low,Very High,Very Low,Very Low,Very High,Very Low,Very Low,Strongly Agree,Often,Sometimes,Rarely,Often,1,Disagree,1,Neutral
2019/11/03 11:44:01 PM GMT+6,Yes,3,Neutral,Neutral,Neutral,Low,Medium,High,Medium,Medium,High,Recovery Email or Message,4,Medium,Medium,High,Medium,High,Medium,High,Preferable for small budget,Sometimes,Often,Often,Sometimes,Sometimes,Low,Medium,Medium,Low,Medium,High,High,Neutral,Sometimes,Sometimes,Rarely,Sometimes,4,Neutral,4,Agree
2019/11/03 11:44:01 PM GMT+6,Yes,2,Neutral,Neutral,Disagree,,,,Very Low,,,Multi-Biometric Authentication,3,,Very Low,,,,,,No need to remember password/pin,Never,,,,,,Very Low,,,,,,Disagree,,Never,,,3,Agree,3,Strongly Agree
2019/11/03 11:44:11 PM GMT+6,Yes,5,Neutral,Neutral,Disagree,Low,Medium,High,High,Very Low,Very Low,Password or Pin;Recovery Email or Message,5,Medium,Low,Medium,High,High,Very Low,Very Low,Ensure me the highest security,Sometimes,Sometimes,Rarely,Rarely,Sometimes,Medium,Low,Medium,High,High,Very Low,Very Low,Agree,Sometimes,Sometimes,Rarely,Sometimes,1,Agree,2,Agree
2019/11/03 11:44:54 PM GMT+6,Yes,3,Neutral,Agree,Disagree,Medium,Medium,Low,Low,Medium,Low,Password or Pin,3,Low,Medium,Medium,Low,Low,Low,Medium,Easy to use,Sometimes,Sometimes,Rarely,Sometimes,,Low,Medium,Medium,Low,Low,Medium,Medium,Agree,Sometimes,Sometimes,Rarely,Rarely,2,Disagree,3,Neutral
2019/11/03 11:45:17 PM GMT+6,Yes,4,Neutral,Neutral,Agree,Medium,Medium,Low,Low,Low,Low,Password or Pin,3,Very Low,Medium,Medium,Low,Medium,Low,Low,Easy to use,Never,Rarely,Never,Never,Rarely,Very Low,Medium,,Medium,Low,Medium,,Neutral,Rarely,Never,Rarely,Sometimes,1,Neutral,5,Neutral
2019/11/03 11:45:38 PM GMT+6,Yes,4,Strongly Disagree,Strongly Agree,Disagree,Medium,Low,Medium,Very Low,Very Low,Very Low,Password or Pin,5,Very Low,Medium,Very Low,Medium,Very Low,Low,Low,Ensure me the highest security,Always,Always,Often,Often,Often,Medium,Medium,Medium,Low,Low,Medium,Low,Disagree,Sometimes,Sometimes,Rarely,Sometimes,,Disagree,4,Neutral
2019/11/03 11:46:17 PM GMT+6,Yes,3,Disagree,Neutral,Neutral,High,Medium,High,Medium,Low,Medium,Multi-Biometric Authentication;Password or Pin,5,High,Medium,Medium,High,Medium,Low,Medium,Ensure me the highest security,Sometimes,Rarely,Sometimes,Sometimes,Never,High,High,Medium,High,Medium,Low,Low,Neutral,Sometimes,Always,Sometimes,Sometimes,4,Neutral,2,Agree
2019/11/03 11:47:02 PM GMT+6,Yes,4,Disagree,Agree,Agree,Low,Low,Medium,Medium,Very Low,Very Low,Recovery Email or Message,2,Very Low,Low,Low,Medium,Medium,Very Low,Very Low,Easy to use,Rarely,Sometimes,Sometimes,Rarely,Rarely,Very Low,Low,Low,Medium,Medium,Very Low,Very Low,Agree,Sometimes,Sometimes,Rarely,Sometimes,1,Neutral,2,Agree
2019/11/03 11:48:02 PM GMT+6,Yes,4,Strongly Agree,Neutral,Agree,High,Medium,Very High,Very High,Very Low,Very Low,Password or Pin;Recovery Email or Message,5,Very Low,High,Very Low,Very High,Very High,Very Low,Very Low,Easy to use,Sometimes,Often,Sometimes,Often,Rarely,Low,High,Very Low,Very High,Very High,Very Low,Very Low,Strongly Agree,Always,Always,Rarely,Always,4,Agree,1,Strongly Agree
2019/11/03 11:48:34 PM GMT+6,Yes,4,Agree,Agree,Strongly Disagree,Very High,High,Medium,Low,Low,Medium,Password or Pin,4,Very High,Very High,Low,Low,Low,Low,Low,Easy to use,Sometimes,Rarely,Rarely,Rarely,,High,Medium,Medium,Medium,Medium,Medium,Medium,Agree,Often,Often,Often,Often,2,Disagree,1,Agree
2019/11/03 11:49:11 PM GMT+6,Yes,4,Agree,Agree,Disagree,Very High,Low,High,High,Medium,Medium,Password or Pin;Recovery Email or Message,3,Medium,High,Low,Low,Low,Medium,High,Easy to use,Never,Never,Rarely,Often,Rarely,High,High,Low,Medium,Medium,Medium,High,Agree,Always,Always,Often,Always,1,Neutral,2,Disagree
2019/11/03 11:49:37 PM GMT+6,Yes,1,Disagree,Neutral,Disagree,Medium,Very Low,Very Low,,,,Password or Pin,2,,,,,,,,,,,,,,,,,,,,,,,,,,,,,
2019/11/03 11:50:56 PM GMT+6,Yes,1,Neutral,Neutral,Neutral,Medium,Medium,Medium,Medium,Medium,Medium,None,3,Medium,Medium,Medium,Medium,Medium,Medium,Medium,Easy to use,Rarely,Rarely,Rarely,Rarely,Rarely,Low,Low,Low,Low,Low,Low,Low,Neutral,Sometimes,Sometimes,Sometimes,Sometimes,4,Neutral,3,Neutral
2019/11/03 11:52:46 PM GMT+6,Yes,3,Agree,Neutral,Neutral,High,High,High,High,Low,Low,Multi-Biometric Authentication;Password or Pin;Recovery Email or Message,3,Low,High,High,High,High,Medium,Low,Ensure me the highest security,Sometimes,Rarely,Rarely,Sometimes,Rarely,Low,High,High,High,Medium,Low,Very Low,Neutral,Rarely,Sometimes,Often,Sometimes,3,Neutral,3,Neutral
2019/11/03 11:54:09 PM GMT+6,Yes,3,Neutral,Neutral,Agree,High,High,High,High,Medium,Medium,Multi-Biometric Authentication;Password or Pin;Recovery Email or Message,3,High,High,High,High,High,Medium,Medium,Ensure me the highest security,Rarely,Sometimes,Rarely,Sometimes,Sometimes,High,High,High,High,High,Medium,Medium,Strongly Agree,Rarely,Sometimes,Rarely,Never,1,Neutral,2,Agree
2019/11/03 11:55:58 PM GMT+6,Yes,5,Strongly Agree,Disagree,Strongly Disagree,High,Medium,High,Medium,Very Low,Low,Password or Pin,2,Medium,High,Low,Low,Low,Low,Low,Easy to use,Rarely,Rarely,Never,Sometimes,Never,High,High,Very Low,Medium,Very Low,Very Low,Low,Strongly Agree,Rarely,Sometimes,Never,Never,3,Strongly Disagree,1,Strongly Agree
2019/11/03 11:56:29 PM GMT+6,Yes,5,Neutral,Disagree,Neutral,Very High,Medium,High,Very High,Low,Medium,Password or Pin,2,Low,Very High,Low,High,Low,Low,Low,Timesaver,Rarely,Rarely,Rarely,Rarely,Rarely,Medium,Very High,Low,High,Low,Low,Low,Neutral,,,,,3,Neutral,1,Agree
2019/11/03 11:57:00 PM GMT+6,Yes,2,Neutral,Agree,Neutral,Very High,Medium,Very High,Very High,Medium,Very Low,Recovery Email or Message,2,Very High,Very High,Low,Very High,Very High,High,Low,Ensure me the highest security,Often,,,,,Very High,Very High,,Very High,Medium,High,High,Neutral,Always,Always,Sometimes,Often,1,Neutral,3,Strongly Agree
2019/11/03 11:57:04 PM GMT+6,Yes,3,Neutral,Agree,Neutral,Low,Low,Medium,Medium,Low,Medium,Password or Pin,3,Medium,Low,Low,Medium,Medium,Low,Medium,Ensure me the highest security,Rarely,Sometimes,Sometimes,Sometimes,,Very High,High,High,Very High,Very High,Medium,Very High,Neutral,Always,Always,Sometimes,Sometimes,1,Neutral,3,Agree
2019/11/03 11:57:46 PM GMT+6,Yes,1,Agree,Agree,Agree,Medium,Medium,Very High,High,High,Medium,Multi-Biometric Authentication;Password or Pin;Recovery Email or Message,5,,Medium,Medium,Very High,High,High,Medium,Ensure me the highest security,Never,Never,Never,Never,Never,High,Medium,Medium,Very High,High,High,Medium,Strongly Agree,Always,Always,Always,Always,2,Agree,5,Neutral
2019/11/03 11:58:45 PM GMT+6,Yes,2,Strongly Disagree,Agree,Agree,,,,Very Low,,,None,2,,Very Low,,,,,,Easy to use,Often,Often,Often,Often,Often,Medium,Medium,High,High,Very High,Medium,Medium,Neutral,Sometimes,Sometimes,Sometimes,Sometimes,2,Disagree,2,Neutral
2019/11/03 11:58:47 PM GMT+6,Yes,5,Strongly Agree,Neutral,Agree,Low,Medium,Medium,High,Low,Low,Password or Pin,5,Medium,Medium,Very Low,High,Very Low,Very Low,Very Low,Preferable for small budget,Often,Sometimes,Rarely,Often,Rarely,Medium,Low,Very Low,High,Low,Very Low,Very Low,Strongly Agree,Sometimes,Always,Sometimes,Often,4,Neutral,1,Agree
2019/11/03 11:59:29 PM GMT+6,Yes,4,Strongly Agree,Neutral,Disagree,Low,Low,Medium,Very High,High,Very High,Recovery Email or Message,1,Very Low,Very High,Low,Very Low,Very Low,Low,Medium,Ensure me the highest security,Often,Always,Always,Always,Rarely,Very Low,Very Low,Medium,Medium,Very High,High,Very High,Strongly Agree,Sometimes,Always,Sometimes,Sometimes,1,Strongly Disagree,1,Strongly Agree
2019/11/03 11:59:30 PM GMT+6,Yes,4,Strongly Agree,Disagree,Strongly Disagree,High,High,High,Very High,High,High,Recovery Email or Message,5,Very Low,High,Medium,High,Very High,Medium,Medium,Ensure me the highest security,Never,Rarely,Sometimes,Always,Often,High,Medium,Low,High,Very High,Medium,High,Strongly Disagree,Always,Always,Always,Always,5,Agree,4,Strongly Agree
2019/11/04 12:01:07 AM GMT+6,Yes,2,Neutral,Agree,Neutral,Medium,Low,Very Low,Very High,Very High,Low,Password or Pin;Recovery Email or Message,1,Very High,Very High,Medium,Low,Very Low,Very High,High,Ensure me the highest security,Often,Often,Often,Always,Sometimes,Very High,Very High,High,Low,Medium,Very High,High,Agree,Always,Always,Often,Often,1,Neutral,5,Neutral
2019/11/04 12:02:35 AM GMT+6,Yes,4,Agree,Agree,Disagree,Low,Low,Low,High,High,Low,Password or Pin;Recovery Email or Message,4,Low,High,Low,Low,Low,Medium,Low,Easy to use,Rarely,Rarely,Rarely,Never,,Low,High,Medium,Medium,High,High,Low,Agree,Always,Always,Always,Sometimes,2,Neutral,3,Neutral
2019/11/04 12:04:04 AM GMT+6,Yes,4,Agree,Disagree,Disagree,Low,Very Low,Medium,Medium,Very Low,Very Low,Recovery Email or Message,4,Very Low,Medium,Very Low,Very Low,Very Low,Very Low,Very Low,Easy to use,Rarely,Rarely,Rarely,Rarely,Never,Very Low,Medium,Very Low,Very Low,Very Low,Very Low,Very Low,Neutral,Rarely,Rarely,Rarely,Rarely,2,Neutral,1,Neutral
2019/11/04 12:04:44 AM GMT+6,Yes,4,Agree,Agree,Agree,High,High,High,,,,Recovery Email or Message,3,,,,High,,,,Ensure me the highest security,,,Always,,,,,,High,,,,Agree,,Always,,,3,Neutral,3,Agree
2019/11/04 12:04:59 AM GMT+6,Yes,3,Agree,Agree,Neutral,Medium,Medium,High,High,Very Low,Low,Recovery Email or Message,5,,Medium,,High,High,,,No need to remember password/pin,Sometimes,,Sometimes,Often,,Medium,,,High,High,,,Agree,,Always,,,3,Agree,4,Agree
2019/11/04 12:06:04 AM GMT+6,Yes,5,Agree,Agree,Agree,High,Low,Medium,Medium,Medium,Low,Recovery Email or Message,3,Low,Medium,Low,Medium,Medium,Low,Low,Preferable for small budget,Rarely,Rarely,Rarely,Rarely,Rarely,Medium,Medium,Medium,Medium,Medium,Medium,Medium,Neutral,Sometimes,Sometimes,Rarely,Sometimes,2,Neutral,3,Neutral
2019/11/04 12:07:17 AM GMT+6,Yes,5,Strongly Agree,Strongly Disagree,Strongly Disagree,Low,Low,Medium,Very High,Very Low,Very Low,Multi-Biometric Authentication,5,Very Low,Very Low,Very Low,Very High,Very High,Very Low,Very Low,Easy to use,Often,Sometimes,Often,Sometimes,,Very Low,Very Low,Very Low,Very High,Very High,Very Low,Very Low,Strongly Agree,Always,Always,Sometimes,Always,1,Strongly Disagree,3,Neutral
2019/11/04 12:08:55 AM GMT+6,Yes,4,Agree,Agree,Agree,Very High,High,Medium,Medium,Medium,High,Multi-Biometric Authentication;Recovery Email or Message,4,High,Very High,High,High,High,Medium,Medium,Easy to use,Never,Rarely,Rarely,Sometimes,,Very High,High,Very High,High,Very High,Very High,High,Agree,Always,Often,Sometimes,Sometimes,1,Disagree,3,Agree
2019/11/04 12:16:21 AM GMT+6,Yes,2,Agree,Agree,Neutral,High,High,Very High,Very High,Low,Medium,Multi-Biometric Authentication;Recovery Email or Message,3,High,High,High,Very High,Very High,,High,No need to remember password/pin,Rarely,Sometimes,Sometimes,Rarely,,Very High,,,Very High,Very High,,Medium,Neutral,Always,Always,Rarely,Often,1,Neutral,2,Agree
2019/11/04 12:18:36 AM GMT+6,Yes,4,Agree,Agree,Agree,Very Low,Low,Medium,High,Medium,Low,Multi-Biometric Authentication,4,High,Medium,Low,Very Low,Low,Medium,High,Ensure me the highest security,Never,Rarely,Sometimes,Often,Always,High,Medium,Low,Very Low,Low,Medium,High,Strongly Agree,Often,Never,Always,Sometimes,1,Strongly Disagree,1,Disagree
2019/11/04 12:18:58 AM GMT+6,Yes,2,Strongly Agree,Agree,Disagree,Low,Low,Low,High,Low,High,Authentication message(code) in mobile phone.,4,High,High,Low,Medium,Very High,Medium,High,Ensure me the highest security,Often,Often,Often,Sometimes,Rarely,Very High,Very High,Medium,Medium,Very High,Medium,High,Neutral,Often,Often,Sometimes,Sometimes,2,Neutral,1,Agree
2019/11/04 12:19:23 AM GMT+6,Yes,5,Neutral,Agree,Disagree,Very High,Very Low,Very Low,Very Low,Very Low,Low,Password or Pin,1,Very Low,Very High,Very Low,Very Low,Very Low,Very Low,Very Low,Easy to use,Sometimes,Often,Often,Often,Sometimes,Very Low,Very High,Very Low,Very Low,Very Low,Very Low,Very Low,Neutral,Always,Sometimes,Sometimes,Sometimes,1,Disagree,1,Strongly Agree
2019/11/04 12:19:57 AM GMT+6,Yes,2,Agree,Agree,Agree,High,,,,,,Password or Pin,4,,,,,,Medium,,Timesaver,,,Always,,,,,,Very High,,,,Strongly Agree,,Always,,,3,Disagree,2,Neutral
2019/11/04 12:20:17 AM GMT+6,Yes,5,Strongly Agree,Disagree,Strongly Disagree,Very High,Very High,Very High,Medium,Medium,Medium,Multi-Biometric Authentication,5,Medium,Very High,Medium,Medium,Medium,High,High,Ensure me the highest security,Always,Always,Always,Always,Always,Medium,Very High,High,Very High,Medium,Medium,Medium,Strongly Agree,Always,Always,Sometimes,Always,5,Neutral,1,Strongly Agree
2019/11/04 12:21:18 AM GMT+6,Yes,3,Neutral,Neutral,Neutral,Medium,Medium,Medium,Medium,Medium,Medium,Password or Pin,,Medium,Medium,Medium,Medium,Medium,Medium,Medium,Timesaver,Sometimes,Sometimes,Sometimes,Sometimes,Sometimes,Medium,Medium,Medium,Medium,Medium,Medium,Medium,Neutral,Sometimes,Sometimes,Sometimes,Sometimes,3,Neutral,3,Neutral
2019/11/04 12:26:13 AM GMT+6,Yes,2,Disagree,Neutral,Neutral,High,Medium,High,Very High,High,Medium,Password or Pin,3,Medium,High,Medium,High,Medium,High,Low,Timesaver,Sometimes,Rarely,Sometimes,Rarely,Often,High,Medium,High,High,Medium,High,Low,Disagree,Rarely,Sometimes,Sometimes,Sometimes,4,Agree,3,Neutral
2019/11/04 12:28:30 AM GMT+6,Yes,3,Neutral,Strongly Disagree,Strongly Disagree,Low,Medium,Medium,Very High,High,Very Low,Recovery Email or Message,2,Medium,Medium,Medium,High,Very High,High,Very Low,Ensure me the highest security,Never,Rarely,Rarely,Sometimes,,,,,,,,,,,,,,,,1,Agree
2019/11/04 12:30:05 AM GMT+6,No,,,,,,,,,,,,,,,,,,,,,,,,,,,,,,,,,,,,,,,,,
2019/11/04 12:31:40 AM GMT+6,Yes,2,Agree,Strongly Agree,Disagree,Low,Low,Medium,Medium,Very Low,Very Low,Multi-Biometric Authentication,4,Low,Low,Medium,Medium,Medium,Very Low,Very Low,Ensure me the highest security,Never,Rarely,Sometimes,Sometimes,Never,Medium,Medium,High,Very High,Very High,Low,Low,Disagree,Often,Often,Always,Sometimes,1,Agree,5,Strongly Agree
2019/11/04 12:32:24 AM GMT+6,Yes,1,Strongly Disagree,Disagree,Agree,Medium,Low,Low,Medium,Medium,High,Password or Pin;Recovery Email or Message,2,High,High,,,High,Very High,High,Ensure me the highest security,Sometimes,,Sometimes,Sometimes,,Medium,Very High,Medium,Very Low,Very Low,Medium,High,Disagree,Always,Always,Often,Sometimes,3,Disagree,1,Agree
2019/11/04 12:35:14 AM GMT+6,Yes,5,Agree,Neutral,Disagree,Very Low,Very Low,Very Low,Very Low,Medium,Very Low,Multi-Biometric Authentication,3,High,High,High,High,High,High,High,Easy to use,Sometimes,Rarely,Rarely,Sometimes,Never,,Very Low,,,,,,Neutral,,,,Never,1,Agree,1,Agree
2019/11/04 12:35:31 AM GMT+6,Yes,4,Agree,Agree,Neutral,Very Low,Low,High,Very High,High,Low,Multi-Biometric Authentication;Password or Pin;Recovery Email or Message;security questions,5,Low,Medium,Very Low,Medium,High,Very High,Medium,Ensure me the highest security,Rarely,Rarely,Rarely,Sometimes,Sometimes,Very Low,Medium,Low,High,Very High,High,Low,Agree,Rarely,Always,Sometimes,Sometimes,1,Agree,3,Agree
2019/11/04 12:36:45 AM GMT+6,Yes,3,Agree,Disagree,Strongly Disagree,Low,Low,Very High,Very High,Low,Medium,Multi-Biometric Authentication,1,Low,Medium,Medium,Very High,Very High,Low,Low,Ensure me the highest security,Sometimes,Sometimes,Sometimes,Sometimes,Rarely,Medium,High,High,Very High,Very High,Low,Low,Strongly Agree,Often,Often,Sometimes,Sometimes,4,Disagree,3,Agree
2019/11/04 12:37:28 AM GMT+6,Yes,5,Neutral,Disagree,Disagree,Medium,Low,,,Very Low,Low,Password or Pin;pattern,2,Low,Medium,Very Low,,,Very Low,Low,Easy to use,Never,Rarely,Never,Sometimes,,Low,Medium,Very Low,,,Very Low,Low,Agree,Often,Always,Sometimes,Sometimes,2,Neutral,3,Agree
2019/11/04 12:38:09 AM GMT+6,Yes,3,Agree,Neutral,Neutral,Low,Very Low,Very Low,High,Very Low,Very Low,Password or Pin;Recovery Email or Message,4,Very Low,Medium,Very Low,Very Low,Very Low,Very Low,Very Low,Easy to use,Sometimes,Rarely,Rarely,Often,Sometimes,Very Low,High,Very Low,Low,Very Low,Very Low,Very Low,Agree,Often,Always,Often,Always,1,Neutral,1,Disagree
2019/11/04 12:40:53 AM GMT+6,Yes,5,Strongly Disagree,Neutral,Neutral,Medium,Medium,Medium,Medium,Medium,Medium,Multi-Biometric Authentication,3,Medium,Medium,Medium,Medium,Medium,Medium,Medium,Easy to use,Often,Sometimes,Often,Sometimes,Often,Medium,Medium,Medium,Medium,Medium,Medium,Medium,Strongly Disagree,Sometimes,Sometimes,Sometimes,Sometimes,4,Agree,3,Strongly Agree
2019/11/04 12:46:00 AM GMT+6,Yes,1,Strongly Agree,Agree,Neutral,Low,Low,Low,Very High,Very High,Very Low,Recovery Email or Message,3,High,Medium,Medium,Medium,Very High,Very High,Very Low,Ensure me the highest security,Often,Often,Often,Sometimes,,Very High,High,High,High,Very High,Very High,Very Low,Neutral,Often,Sometimes,Often,Often,2,Disagree,3,Agree
2019/11/04 12:49:48 AM GMT+6,Yes,5,Agree,Neutral,Neutral,Medium,Medium,High,High,Very Low,Very Low,Password or Pin,3,Medium,High,Low,Low,Low,Very Low,Very Low,Timesaver,Sometimes,Never,Never,Sometimes,,High,High,Low,Low,Low,Very Low,Very Low,Strongly Agree,Always,Always,Sometimes,Sometimes,1,Disagree,1,Agree
2019/11/04 12:53:18 AM GMT+6,Yes,4,Agree,Agree,Disagree,Medium,Medium,Medium,Medium,Medium,Medium,Recovery Email or Message,4,High,High,High,Low,Low,Low,High,Easy to use,Sometimes,Often,Often,Sometimes,Sometimes,High,High,Very Low,Low,Low,Low,High,Agree,Often,Often,Rarely,Often,4,Agree,2,Agree
2019/11/04 12:56:08 AM GMT+6,Yes,2,Neutral,Agree,Disagree,High,Very High,Medium,High,Medium,Medium,Recovery Email or Message,3,High,Very High,High,Medium,High,Medium,High,Easy to use,Sometimes,Often,Sometimes,Often,Sometimes,Medium,High,Medium,High,Low,Low,Medium,Neutral,Sometimes,Often,Rarely,Often,4,Agree,2,Agree
2019/11/04 1:00:52 AM GMT+6,Yes,1,Neutral,Neutral,Neutral,,,Low,,,,Multi-Biometric Authentication,4,Very Low,High,Medium,High,Very High,Medium,Medium,Easy to use,Rarely,Rarely,Rarely,Rarely,Rarely,Medium,Medium,Medium,Medium,Medium,Medium,Medium,Neutral,Sometimes,Sometimes,Sometimes,Sometimes,4,Neutral,5,Neutral
2019/11/04 1:03:20 AM GMT+6,Yes,2,Agree,Disagree,Disagree,,,,Very High,,,Password or Pin,4,,Very High,,,,,,Ensure me the highest security,,,,Always,,,Very High,,,,,,Agree,Always,,,,3,Disagree,1,Agree
2019/11/04 1:04:07 AM GMT+6,Yes,2,Agree,Disagree,Disagree,High,High,Very High,Very High,Low,Low,Recovery Email or Message,3,,,,,Very High,,,Ensure me the highest security,,,Often,Never,,,,,Very High,Very High,,,Agree,Always,Always,,,1,Disagree,3,Neutral
2019/11/04 1:04:53 AM GMT+6,Yes,3,Strongly Agree,Disagree,Disagree,High,High,Medium,Very High,Low,Medium,Multi-Biometric Authentication,3,Low,Medium,High,Medium,High,Low,Medium,Ensure me the highest security,Rarely,Sometimes,Rarely,Sometimes,Rarely,Low,Medium,Medium,Medium,High,Low,Medium,Strongly Agree,Often,Always,Often,Often,1,Disagree,3,Agree
2019/11/04 1:13:43 AM GMT+6,Yes,5,Agree,Agree,Disagree,Medium,Medium,High,Very High,Very Low,Very Low,Multi-Biometric Authentication;Password or Pin;Recovery Email or Message,4,Medium,Very High,High,Very High,Very High,Low,Low,Ensure me the highest security,Often,Often,Sometimes,Often,Sometimes,Medium,Very High,High,Very High,Very High,Low,Low,Agree,Often,Always,Often,Often,1,Agree,3,Agree
2019/11/04 1:18:51 AM GMT+6,Yes,3,Agree,Agree,,,,,,,,,,,,,,,,,,Sometimes,Rarely,Rarely,Rarely,Rarely,Very High,Medium,Medium,Very High,Very High,Low,Low,Strongly Agree,Sometimes,Rarely,Sometimes,Sometimes,4,Neutral,1,Agree
2019/11/04 1:24:10 AM GMT+6,Yes,5,Strongly Agree,Agree,Strongly Disagree,Medium,Very Low,High,Very High,Very Low,Low,Password or Pin,5,Very Low,Very High,Low,Very Low,Very Low,Low,Medium,Easy to use,Always,Rarely,Rarely,Sometimes,Never,Very High,Low,Medium,Medium,High,Very High,High,Strongly Agree,Sometimes,Sometimes,Always,Often,1,Disagree,2,Disagree
2019/11/04 1:27:38 AM GMT+6,Yes,4,Agree,Neutral,Agree,High,Low,High,Very High,Medium,Medium,Password or Pin;Recovery Email or Message,3,Low,High,Medium,High,High,Medium,Medium,Ensure me the highest security,Never,Rarely,Never,Never,Rarely,Low,High,Medium,Very High,Very High,Medium,Medium,Strongly Agree,Often,Often,Always,Always,1,Disagree,2,Agree
2019/11/04 1:32:44 AM GMT+6,Yes,2,Agree,Strongly Disagree,Strongly Disagree,Medium,Medium,High,High,Very Low,Medium,Recovery Email or Message,3,Medium,High,Low,Medium,Medium,Very Low,Low,Ensure me the highest security,Never,Rarely,Rarely,Rarely,Sometimes,Medium,Medium,Low,High,Medium,Very Low,Low,Agree,Sometimes,Sometimes,Sometimes,Sometimes,4,Disagree,3,Neutral
2019/11/04 1:35:44 AM GMT+6,Yes,5,Disagree,Agree,Disagree,High,High,Medium,Medium,Very High,Low,Recovery Email or Message,2,Low,Very High,Medium,Low,Very Low,High,Very Low,No need to remember password/pin,Sometimes,Rarely,Sometimes,Never,,Medium,Very High,High,High,Medium,Very High,Medium,Neutral,Always,Often,Sometimes,Often,2,Disagree,5,Strongly Agree
2019/11/04 1:35:52 AM GMT+6,Yes,4,Neutral,Agree,Neutral,Medium,Low,High,High,Medium,Medium,Password or Pin;Recovery Email or Message,3,,Medium,,,,,,Easy to use,,,,,Rarely,,Medium,,,,,,Agree,Sometimes,Sometimes,,,2,Neutral,2,Neutral
2019/11/04 2:45:09 AM GMT+6,Yes,2,Agree,Agree,Strongly Disagree,,,,Very Low,,,Multi-Biometric Authentication,5,,,,,Very Low,,,Preferable for small budget,,,Never,,,,,,,,Very Low,,Neutral,,Never,,,2,Neutral,2,Neutral
2019/11/04 2:53:32 AM GMT+6,Yes,5,Neutral,Agree,Neutral,Medium,Low,,,Very Low,Very Low,Password or Pin,5,,,,,,,,Easy to use,Sometimes,Rarely,Rarely,Rarely,,,Medium,,Medium,,,,Neutral,Sometimes,Sometimes,Rarely,Rarely,1,Neutral,2,Neutral
2019/11/04 6:03:01 AM GMT+6,Yes,5,Strongly Disagree,Strongly Disagree,Neutral,,,,,,,,,,,,,,,,,,,,,,,,,,,,,,,,,,,,,
2019/11/04 6:07:41 AM GMT+6,Yes,5,Neutral,Neutral,Agree,Medium,Medium,High,Very High,Very Low,High,Recovery Email or Message,4,Medium,Medium,Medium,Very High,Very High,Very Low,Very High,Ensure me the highest security,Never,Sometimes,Sometimes,Sometimes,Sometimes,Medium,Medium,High,Very High,Very High,Very Low,Medium,Strongly Disagree,Often,Always,Sometimes,Sometimes,1,Neutral,3,Agree
2019/11/04 6:30:40 AM GMT+6,Yes,2,Disagree,Disagree,Neutral,Very Low,Very Low,Low,Medium,Very Low,Medium,Recovery Email or Message,5,Medium,Very Low,Low,Low,Medium,Very Low,Very Low,Preferable for small budget,Always,Always,Always,Often,Sometimes,Medium,Very Low,Very Low,Medium,Medium,Very Low,Medium,Agree,Always,Always,Often,Often,4,Disagree,3,Agree
2019/11/04 7:42:59 AM GMT+6,Yes,3,Disagree,Neutral,Agree,Very High,Medium,Very High,Very High,Low,Low,Multi-Biometric Authentication,3,Very High,Very High,Medium,Very High,Very High,Medium,Medium,Ensure me the highest security,Often,Often,Often,Rarely,Often,Very High,Very High,Medium,Very High,Very High,Medium,Medium,Neutral,Often,Always,Sometimes,Always,3,Strongly Agree,3,Strongly Agree
2019/11/04 8:08:01 AM GMT+6,Yes,4,Neutral,Agree,Agree,Medium,Medium,Low,Medium,Medium,Low,Password or Pin,3,Low,Medium,Low,Low,Low,Medium,Low,No need to remember password/pin,Often,Sometimes,Sometimes,Often,Sometimes,Low,Medium,Low,Low,Low,Medium,Low,Agree,Often,Sometimes,Sometimes,Often,1,Neutral,3,Agree
2019/11/04 9:38:18 AM GMT+6,Yes,4,Neutral,Neutral,Disagree,Medium,Low,Very High,Very High,Medium,Low,Password or Pin,3,Medium,Medium,Medium,Very High,Very High,Medium,Low,Ensure me the highest security,Sometimes,Sometimes,Rarely,Often,Rarely,Medium,Medium,Medium,Very High,Very High,Low,Low,Strongly Agree,Sometimes,Often,Sometimes,Sometimes,2,Neutral,1,Neutral
2019/11/04 10:41:17 AM GMT+6,Yes,5,Agree,Neutral,Disagree,Very Low,Very Low,Medium,High,Low,Medium,Password or Pin;Recovery Email or Message,3,High,High,Low,Low,Medium,Low,Medium,Ensure me the highest security,Sometimes,,Often,Sometimes,Often,Very High,High,Low,Low,Very High,Low,Medium,Agree,Always,Always,Never,Always,2,Neutral,2,Strongly Agree
2019/11/04 11:17:27 AM GMT+6,Yes,5,Agree,Agree,Disagree,High,Medium,High,High,Medium,Low,Password or Pin,5,Medium,High,Medium,High,Medium,Medium,Low,Ensure me the highest security,Sometimes,Sometimes,Sometimes,Sometimes,Sometimes,Medium,High,Medium,Medium,Medium,Medium,Medium,Agree,Often,Often,Often,Often,4,Neutral,4,Neutral
2019/11/04 11:20:40 AM GMT+6,Yes,5,Agree,Agree,Disagree,Very Low,,Very Low,Very Low,,Very Low,Password or Pin;Recovery Email or Message,3,,Very Low,,Very Low,Very Low,,,Ensure me the highest security,Rarely,Rarely,,,,Low,Very High,Very High,Very High,Very High,Very Low,Very Low,Strongly Agree,Sometimes,Often,Always,Often,1,Neutral,5,Agree
2019/11/04 1:32:59 PM GMT+6,Yes,5,Agree,Agree,Disagree,Medium,Medium,High,High,Low,Very Low,Password or Pin,2,Medium,High,High,Very High,Very High,Very Low,Very Low,Ensure me the highest security,Rarely,Often,Often,Sometimes,Sometimes,Medium,High,High,Very High,Very High,Very Low,Very Low,Agree,Always,Always,Often,Often,5,Neutral,1,Agree
2019/11/04 2:49:19 PM GMT+6,Yes,2,Neutral,Agree,Disagree,High,,High,High,Low,Medium,Recovery Email or Message,1,High,Medium,Low,High,High,Low,Medium,Ensure me the highest security,Rarely,Sometimes,Rarely,Never,Sometimes,High,High,Medium,Medium,High,Low,Medium,Disagree,Never,Sometimes,Rarely,Sometimes,1,Neutral,5,Agree
2019/11/04 2:52:18 PM GMT+6,Yes,4,Neutral,Agree,Disagree,Medium,Medium,High,Very High,Medium,Medium,Recovery Email or Message,3,Low,High,Medium,High,Medium,Medium,Medium,Ensure me the highest security,Sometimes,Often,Often,Sometimes,Sometimes,Low,Medium,High,High,Very High,Low,Medium,Agree,,Sometimes,Often,,2,Neutral,3,Agree
2019/11/04 3:11:24 PM GMT+6,Yes,2,Agree,Disagree,Strongly Disagree,Low,Low,Very High,Very High,Medium,High,Multi-Biometric Authentication,3,Very High,Very Low,Very Low,Very High,Very High,Low,Medium,Ensure me the highest security,Rarely,Sometimes,Often,Sometimes,Never,High,Low,High,Very High,Very High,Low,Medium,Agree,Always,Always,Sometimes,Often,1,Disagree,5,Agree
2019/11/04 6:17:17 PM GMT+6,Yes,1,Neutral,Neutral,Neutral,,,Low,,,,Multi-Biometric Authentication,4,Very Low,High,Medium,High,Very High,Medium,Medium,Easy to use,Rarely,Rarely,Rarely,Rarely,Rarely,Medium,Medium,Medium,Medium,Medium,Medium,Medium,Neutral,Sometimes,Sometimes,Sometimes,Sometimes,4,Neutral,5,Neutral
2019/11/04 6:46:49 PM GMT+6,Yes,1,Neutral,Neutral,Neutral,Medium,Medium,Medium,Medium,Medium,Medium,Multi-Biometric Authentication,3,Medium,Medium,Medium,Medium,Medium,Medium,Medium,Timesaver,Never,Never,Never,Never,Never,Medium,Medium,Medium,Medium,Medium,Medium,Medium,Neutral,Rarely,Always,Sometimes,Sometimes,1,Neutral,3,Neutral
2019/11/04 6:55:30 PM GMT+6,Yes,2,Agree,Agree,Neutral,Very High,Very Low,Very Low,Very Low,Very Low,Very Low,Password or Pin,3,Very High,High,Very Low,Very Low,Very Low,Very Low,Very Low,Easy to use,Sometimes,Sometimes,Sometimes,Sometimes,Never,Very High,Medium,Medium,Medium,Medium,Medium,Medium,Agree,,,,Rarely,4,Neutral,4,Agree
2019/11/04 6:56:27 PM GMT+6,Yes,3,Agree,Disagree,Disagree,Low,Medium,Low,Very High,Very High,Medium,Password or Pin,4,Low,Medium,Medium,High,Very High,Very High,Medium,No need to remember password/pin,Sometimes,Sometimes,Often,Sometimes,Often,Very Low,High,Medium,Very High,Very High,Very High,Very Low,Strongly Agree,Often,Sometimes,Often,Always,3,Agree,2,Agree
2019/11/04 7:08:38 PM GMT+6,Yes,4,Agree,Neutral,Neutral,Medium,Medium,Low,Low,Medium,Medium,Password or Pin;Recovery Email or Message,2,Medium,Medium,Low,Medium,High,Very High,High,Easy to use,Sometimes,Rarely,Always,Rarely,Sometimes,Medium,Very High,Medium,Medium,Very High,Very High,Low,Agree,Always,Always,Sometimes,Rarely,2,Neutral,2,Agree
2019/11/04 7:28:35 PM GMT+6,Yes,3,Agree,Strongly Disagree,Disagree,Medium,Medium,Low,Low,Medium,Low,Password or Pin;Recovery Email or Message,2,Medium,Medium,Medium,Low,Very Low,Medium,Low,Timesaver,Rarely,Rarely,Sometimes,Rarely,,Medium,Medium,Medium,Low,Very Low,Medium,Low,Disagree,Sometimes,,,,1,Disagree,2,Agree
2019/11/04 7:56:00 PM GMT+6,Yes,3,Agree,Agree,Disagree,Medium,Low,Very Low,Very Low,Low,Very Low,Recovery Email or Message,5,Medium,Low,Very Low,Medium,Very Low,Low,Very Low,Ensure me the highest security,Often,Often,Sometimes,Sometimes,,High,,,Very High,High,Medium,Medium,Agree,Always,Always,Always,Always,1,Disagree,4,Agree
2019/11/04 8:10:11 PM GMT+6,Yes,4,Neutral,Neutral,Neutral,Medium,Low,Medium,Medium,Medium,Medium,Password or Pin,5,Low,High,Low,High,Medium,Low,Low,Easy to use,Rarely,Rarely,Sometimes,Sometimes,,,High,,High,,,,Agree,Always,Always,Always,Always,1,Neutral,1,Neutral
2019/11/04 8:25:21 PM GMT+6,Yes,2,Agree,Disagree,Disagree,Medium,High,Very High,Very High,Low,Medium,Recovery Email or Message,5,Very High,Medium,High,Very High,Very High,Low,Low,Ensure me the highest security,Sometimes,Sometimes,Sometimes,Sometimes,Sometimes,Very High,Medium,Very High,Very High,Very High,Low,Low,Strongly Agree,Always,Always,Often,Always,1,Neutral,2,Strongly Agree
2019/11/04 8:53:49 PM GMT+6,Yes,4,Agree,Neutral,Agree,Medium,Medium,High,High,Very Low,Very Low,Password or Pin;Recovery Email or Message,5,Very Low,Medium,Medium,High,High,Very Low,Very Low,No need to remember password/pin,Sometimes,Never,Never,Sometimes,,Very Low,Medium,Medium,High,High,Very Low,Very Low,Strongly Agree,Sometimes,Sometimes,Sometimes,Rarely,1,Neutral,2,Agree
2019/11/04 9:00:22 PM GMT+6,Yes,3,Strongly Agree,Strongly Agree,Strongly Disagree,Very Low,Very Low,Very High,Very High,Very Low,Low,Password or Pin,5,Very High,Very Low,Very Low,Very High,Very High,Very Low,Low,Ensure me the highest security,Always,Often,Never,Always,Sometimes,Very Low,Very Low,Very Low,Very High,Very High,Very Low,Low,Strongly Agree,Always,Always,Always,Often,5,Neutral,5,Strongly Agree
2019/11/04 9:03:47 PM GMT+6,Yes,2,Neutral,Neutral,Disagree,Low,Medium,Very High,Very High,Very Low,Medium,Recovery Email or Message,5,High,Very High,Low,Very High,Very High,Low,Very High,Easy to use,Rarely,Sometimes,Sometimes,Sometimes,Never,High,High,Low,Very High,Very High,Low,Medium,Neutral,Often,Always,Sometimes,Often,1,Neutral,4,Agree
2019/11/04 9:12:16 PM GMT+6,Yes,2,Neutral,Agree,Neutral,Low,Medium,Medium,High,Low,Low,Recovery Email or Message,2,Medium,Low,Medium,Medium,High,Low,Low,Ensure me the highest security,Sometimes,Sometimes,Sometimes,Sometimes,Sometimes,Medium,Low,Medium,Medium,High,Low,Low,Agree,Rarely,Always,Sometimes,Often,1,Neutral,3,Agree
2019/11/04 9:22:41 PM GMT+6,Yes,2,Strongly Agree,Strongly Disagree,Strongly Disagree,Very Low,Very Low,Very Low,Very High,High,High,Recovery Email or Message,5,Very Low,Very High,Very Low,Very Low,Very Low,Very Low,Very Low,Easy to use,Sometimes,Always,Always,Sometimes,Never,Very Low,High,Very Low,Very Low,Very Low,High,Very Low,Strongly Agree,Sometimes,Always,Never,Never,1,Disagree,2,Agree
2019/11/04 9:29:14 PM GMT+6,Yes,5,Agree,Strongly Agree,Disagree,High,,Low,Medium,Medium,Low,Multi-Biometric Authentication,3,Low,High,Medium,Medium,Medium,High,Low,Easy to use,Sometimes,,,,,Low,High,Medium,High,Medium,Medium,Low,Neutral,Sometimes,Always,Rarely,Sometimes,1,Neutral,5,Agree
2019/11/04 9:31:44 PM GMT+6,Yes,5,Agree,Agree,Neutral,Very Low,Very Low,Medium,,Very Low,Very Low,Password or Pin,1,Very Low,Very Low,Very Low,Very High,Very High,Very Low,Very Low,,Sometimes,Sometimes,Sometimes,Sometimes,Sometimes,Very Low,Very Low,Very Low,Very High,Very High,Very Low,Very Low,Agree,Sometimes,Sometimes,Sometimes,Sometimes,1,Neutral,1,Neutral
2019/11/04 9:39:07 PM GMT+6,Yes,1,Strongly Disagree,Strongly Disagree,Strongly Disagree,Very Low,,,,,,Multi-Biometric Authentication,1,Very Low,,,,,,,Easy to use,Never,,,,,Very Low,,,,,,,Strongly Disagree,Never,,,,1,Strongly Disagree,1,Strongly Disagree
2019/11/04 9:40:12 PM GMT+6,Yes,4,Agree,Agree,Disagree,Low,Low,High,Very High,Medium,Medium,Multi-Biometric Authentication,4,Medium,Medium,High,High,Very High,High,High,Easy to use,Rarely,Often,Often,Often,Never,Low,Low,Low,High,Very High,High,High,Agree,Always,Always,Often,Often,2,Agree,1,Agree
2019/11/04 9:41:39 PM GMT+6,Yes,3,Agree,Agree,Disagree,Medium,Low,Low,Medium,Very Low,Low,Multi-Biometric Authentication,3,Medium,Low,Very Low,Low,Medium,Low,Low,Preferable for small budget,Rarely,Rarely,Rarely,Rarely,Sometimes,Low,Low,Medium,Low,Low,Very Low,Medium,Disagree,Rarely,Rarely,Never,Rarely,4,Agree,4,Agree
2019/11/04 9:46:52 PM GMT+6,Yes,3,Agree,Agree,Neutral,High,Very Low,Very High,Medium,Low,Medium,Recovery Email or Message,3,Medium,High,Low,Very High,High,Low,Medium,Ensure me the highest security,Rarely,Sometimes,Sometimes,Rarely,Never,Medium,High,Low,Very High,High,Low,Medium,Agree,Sometimes,Always,Sometimes,Sometimes,2,Disagree,4,Agree
2019/11/04 9:48:14 PM GMT+6,Yes,3,Disagree,Neutral,Neutral,Medium,Medium,Medium,Medium,Medium,Medium,Multi-Biometric Authentication;Password or Pin,3,Medium,Low,Medium,Medium,Medium,Medium,Medium,Easy to use,Sometimes,Sometimes,Sometimes,Sometimes,Sometimes,Low,Low,Low,Medium,Medium,Medium,Medium,Neutral,Sometimes,Sometimes,Sometimes,Sometimes,3,Neutral,3,Neutral
2019/11/04 9:59:00 PM GMT+6,Yes,2,Disagree,Neutral,Neutral,Medium,Medium,Medium,Very Low,Medium,Very Low,Password or Pin,1,Medium,Medium,Very Low,Very Low,Very Low,Medium,Very Low,Easy to use,Sometimes,Sometimes,Sometimes,Sometimes,,Medium,Medium,Very Low,Very Low,Very Low,Medium,Very Low,Neutral,Sometimes,Sometimes,Sometimes,Sometimes,1,Disagree,1,Neutral
2019/11/04 10:02:59 PM GMT+6,Yes,3,Disagree,Neutral,Disagree,High,Low,High,Medium,Low,Very Low,Recovery Email or Message,3,Very Low,Medium,Low,High,High,Very Low,Very Low,Ensure me the highest security,Rarely,Sometimes,Rarely,Never,Sometimes,Very Low,Medium,Low,High,High,Very Low,Very Low,Agree,Sometimes,Sometimes,Sometimes,Sometimes,3,Strongly Disagree,4,Disagree
2019/11/04 10:12:43 PM GMT+6,Yes,3,Strongly Agree,Neutral,Disagree,High,Very Low,Medium,Very High,High,Very High,Recovery Email or Message,5,Very High,High,Medium,Medium,Medium,High,Very High,Ensure me the highest security,Rarely,Often,Always,Sometimes,Sometimes,Very High,High,Medium,Medium,Medium,Medium,Very High,Disagree,Always,Sometimes,Often,Often,1,Agree,1,Agree
2019/11/04 10:25:21 PM GMT+6,Yes,3,Agree,Strongly Agree,Disagree,Medium,Medium,High,Very High,Medium,High,Multi-Biometric Authentication;Recovery Email or Message,4,Medium,Medium,Medium,Very High,Very High,Medium,Very High,Ensure me the highest security,Sometimes,Often,Often,Sometimes,Rarely,High,Medium,Medium,Medium,Very High,Medium,High,Agree,Often,Often,Often,Often,3,Neutral,1,Agree
2019/11/04 10:34:23 PM GMT+6,Yes,5,Strongly Disagree,Neutral,Disagree,Very High,Very High,Very High,Very High,Very High,Very High,Password or Pin,4,Very Low,Very Low,Very Low,Very Low,Very Low,Very Low,Very Low,No need to remember password/pin,Never,Rarely,Rarely,Sometimes,Always,Very Low,Low,Medium,Medium,Low,Low,Medium,Neutral,Sometimes,Never,Always,Never,3,Disagree,2,Disagree
2019/11/04 10:59:55 PM GMT+6,Yes,2,Agree,Neutral,Neutral,Medium,Very Low,Medium,Low,Very Low,Medium,Recovery Email or Message,4,Very Low,Medium,Very Low,Medium,Medium,Very Low,Medium,Easy to use,,,,,,Very Low,Medium,Very Low,Low,Medium,Low,,Neutral,Never,Rarely,Sometimes,Never,3,Neutral,2,Neutral
2019/11/04 11:00:05 PM GMT+6,Yes,5,Agree,Strongly Agree,Disagree,Medium,High,High,Very High,High,Very Low,Multi-Biometric Authentication;Recovery Email or Message,3,Very Low,Very High,High,High,Very Low,Medium,Low,Preferable for small budget,Often,Often,Sometimes,Sometimes,,Very Low,High,High,Very High,Medium,Low,Very Low,Agree,Always,Always,Often,Often,3,Neutral,1,Agree
2019/11/04 11:14:16 PM GMT+6,Yes,2,Agree,Neutral,Neutral,High,Medium,Very High,Very High,Low,Low,Multi-Biometric Authentication;Password or Pin;Recovery Email or Message,3,Low,Medium,Medium,High,Very High,Low,Low,Easy to use,Rarely,Rarely,Sometimes,Always,,Low,Medium,Medium,Very High,Very High,Low,Low,Agree,Rarely,Rarely,Rarely,Rarely,1,Neutral,1,Disagree
2019/11/04 11:15:21 PM GMT+6,Yes,3,Disagree,Agree,Neutral,Medium,Very Low,Very High,Very Low,Very Low,Very High,Multi-Biometric Authentication;Password or Pin;Recovery Email or Message,3,High,Medium,Very Low,Very High,Very Low,Very Low,Very High,Ensure me the highest security,Sometimes,Never,Sometimes,Always,Never,High,Medium,Very Low,Very High,Very Low,Very Low,Very High,Strongly Agree,Often,Always,Often,Sometimes,1,Strongly Disagree,1,Agree
2019/11/04 11:56:27 PM GMT+6,Yes,3,Neutral,Agree,Disagree,Medium,High,Medium,Low,High,Low,Password or Pin,3,Low,High,Medium,Very High,Low,Medium,Very Low,Preferable for small budget,Rarely,Often,Sometimes,Rarely,Always,Medium,Very Low,High,Medium,Low,High,Medium,Neutral,Rarely,Always,Often,Rarely,3,Agree,4,Disagree
2019/11/04 11:59:24 PM GMT+6,Yes,1,Strongly Agree,Neutral,Neutral,Medium,Medium,High,Very High,Medium,High,Facial ,1,Very High,Medium,Medium,High,Very High,Medium,High,Ensure me the highest security,,,,,,,,,,,,,Agree,,,,,,,,
2019/11/05 12:02:11 AM GMT+6,Yes,2,Agree,Disagree,Neutral,High,High,High,Low,High,Low,Recovery Email or Message,3,Low,High,High,High,Low,High,Low,Ensure me the highest security,Sometimes,Rarely,Rarely,Sometimes,Rarely,,High,High,High,Very Low,High,Low,Agree,Always,Always,Sometimes,Always,1,Neutral,3,Neutral
2019/11/05 12:04:16 AM GMT+6,Yes,5,Agree,Neutral,Disagree,Low,Low,High,High,Medium,Low,Password or Pin;Recovery Email or Message,2,Medium,High,Medium,High,Low,Medium,Medium,Ensure me the highest security,Sometimes,Often,Often,Sometimes,Sometimes,Medium,High,Medium,High,Low,Low,Medium,Strongly Agree,Sometimes,Often,Rarely,Sometimes,2,Neutral,1,Agree
2019/11/05 12:04:22 AM GMT+6,Yes,4,Disagree,Strongly Agree,Disagree,High,High,High,Very High,Medium,Medium,Recovery Email or Message,3,High,Very High,Medium,High,Very High,High,High,Ensure me the highest security,Sometimes,Often,Often,Rarely,Rarely,High,High,High,High,Very High,High,High,Agree,Often,Always,Always,Often,3,Disagree,5,Agree
2019/11/05 12:08:03 AM GMT+6,Yes,5,Strongly Disagree,Strongly Agree,Strongly Disagree,Very Low,Very Low,Very Low,Very Low,Very Low,Very Low,Password or Pin;Recovery Email or Message,3,Very High,Very Low,Very Low,Very High,Very Low,Very Low,Very High,Ensure me the highest security,Rarely,Sometimes,Often,Often,Sometimes,Very High,Very Low,Very Low,Very High,Very Low,Very Low,Very High,Strongly Agree,Always,Always,Never,Never,3,Neutral,1,Strongly Agree
2019/11/05 12:10:55 AM GMT+6,Yes,2,Agree,Agree,Disagree,Medium,Low,Low,Low,Medium,Medium,Recovery Email or Message,3,High,Medium,Medium,Low,High,High,High,Preferable for small budget,Sometimes,Often,Rarely,Sometimes,,High,Medium,Medium,Low,Medium,High,High,Neutral,Rarely,Sometimes,Sometimes,Rarely,3,Neutral,3,Neutral
2019/11/05 12:13:07 AM GMT+6,Yes,3,Disagree,Agree,Neutral,High,High,High,High,Medium,Medium,Recovery Email or Message,4,Medium,Low,Medium,High,High,Low,Low,Ensure me the highest security,Sometimes,Sometimes,Never,Often,Never,Low,Low,Medium,High,High,Low,Low,Strongly Agree,Often,Often,Often,Rarely,2,Neutral,5,Strongly Agree
2019/11/05 12:24:30 AM GMT+6,Yes,5,Strongly Agree,Agree,Neutral,Medium,Medium,Medium,Medium,Low,Medium,Recovery Email or Message,4,Low,Very High,Medium,Very High,Low,Low,Low,Ensure me the highest security,,Sometimes,Sometimes,Sometimes,,Very High,Very High,High,Very High,Very High,High,Medium,Neutral,Often,Often,Often,Always,4,Agree,3,Agree
2019/11/05 12:47:09 AM GMT+6,Yes,2,Agree,Agree,Disagree,Medium,Medium,Low,Medium,Very Low,Low,Password or Pin,2,Medium,Medium,Medium,Low,Medium,Very Low,Low,Ensure me the highest security,Sometimes,Rarely,Sometimes,Rarely,Sometimes,Medium,Medium,Medium,Low,Medium,Very Low,Low,Agree,Rarely,Sometimes,Rarely,Sometimes,2,Neutral,2,Neutral
2019/11/05 1:00:22 AM GMT+6,Yes,5,Agree,Strongly Agree,Disagree,Very High,Medium,Medium,Medium,Medium,Medium,Recovery Email or Message,2,Very High,,Medium,Very High,Medium,Medium,Medium,Ensure me the highest security,Often,Often,Often,Often,,Very High,Very High,Medium,Very High,Low,Low,Medium,Strongly Agree,Often,Often,Often,Often,4,Strongly Agree,1,Agree
2019/11/05 1:00:59 AM GMT+6,Yes,5,Strongly Agree,Agree,Strongly Disagree,Very Low,Very Low,Medium,High,Very Low,Low,Recovery Email or Message,3,Low,Very Low,Very Low,Medium,High,Very Low,Low,Ensure me the highest security,Rarely,Sometimes,Sometimes,Sometimes,Often,Low,Very Low,Very Low,Medium,High,Very Low,Low,Strongly Agree,Often,Always,Sometimes,Sometimes,4,Disagree,2,Neutral
2019/11/05 1:01:48 AM GMT+6,Yes,5,Strongly Agree,Agree,Neutral,High,Medium,Medium,High,High,High,Multi-Biometric Authentication,4,High,High,High,Medium,High,High,High,Easy to use,Sometimes,Sometimes,Rarely,Sometimes,Sometimes,High,High,Medium,High,High,High,High,Neutral,,,,,5,Strongly Agree,5,Strongly Disagree
2019/11/05 1:17:24 AM GMT+6,Yes,2,Strongly Agree,Disagree,Disagree,Very Low,Low,Medium,Medium,Very Low,Medium,None,4,Low,Low,Low,Medium,Low,Low,Medium,Timesaver,Rarely,Never,Rarely,Rarely,Never,Low,Low,Very Low,Medium,Low,Very Low,Medium,Strongly Agree,Sometimes,Sometimes,Rarely,Rarely,3,Neutral,4,Strongly Disagree
2019/11/05 1:26:28 PM GMT+6,Yes,5,Disagree,Agree,Neutral,Medium,Low,Low,Very Low,Medium,Medium,Recovery Email or Message,4,Low,Very Low,Very Low,Medium,Low,Medium,Very Low,Easy to use,Sometimes,Rarely,Sometimes,Rarely,Never,Very Low,Very Low,Very Low,Low,Low,Low,Medium,Disagree,Rarely,Rarely,Never,Rarely,4,Disagree,4,Agree
2019/11/05 5:49:38 PM GMT+6,Yes,2,Neutral,Neutral,Neutral,Medium,Medium,Medium,Medium,Medium,Medium,Recovery Email or Message,4,,High,,,,,,Preferable for small budget,Sometimes,,,,,,Medium,,,,,,Neutral,,Sometimes,,,4,Neutral,4,Neutral
